model,train_acc,test_acc,precision,recall,f1,eer,threshold,train_loss,test_loss,infer_avg_s
Facenet_mtcnn,0.9623,0.9275,0.9385,0.915,0.9266,0.075,0.3908,0.1104,0.1976,0.000194
Facenet_retinaface,0.9775,0.9408,0.943,0.9383,0.9407,0.0567,0.4609,0.075,0.1758,0.000176
Facenet512_mtcnn,0.971,0.9375,0.9472,0.9267,0.9368,0.0633,0.4188,0.0952,0.1752,0.000183
Facenet512_retinaface,0.9721,0.94,0.9748,0.9033,0.9377,0.0617,0.2585,0.082,0.1811,0.000186
