pipeline,embeddings,people,embedding_dim,pairs,load_seconds,compare_seconds,compare_ms_per_pair,threshold,accuracy,far,frr,tp,tn,fp,fn
Facenet512_retinaface_embeddings,7701,4281,512,10000,0.14527800003997982,0.024222299980465323,0.0024222299980465323,0.40715684022034726,0.9613,0.0216,0.0558,4721,4892,108,279
Facenet_retinaface_embeddings,7701,4281,128,10000,0.044394300028216094,0.006373699987307191,0.000637369998730719,0.4011760221587286,0.9545,0.0214,0.0696,4652,4893,107,348
Facenet512_mtcnn_embeddings,7701,4281,512,10000,0.14405819994863123,0.026561200036667287,0.0026561200036667285,0.4170257286266522,0.9476,0.0196,0.0852,4574,4902,98,426
Facenet512_embeddings,7696,4280,512,10000,0.039407000003848225,0.02437669999198988,0.0024376699991989883,0.42016055141841324,0.9469,0.018,0.0882,4559,4910,90,441
Facenet_embeddings,7696,4280,128,10000,0.019260499975644052,0.006625399983022362,0.0006625399983022362,0.3914506752211768,0.9385,0.027,0.096,4520,4865,135,480
Facenet_mtcnn_embeddings,7701,4281,128,10000,0.05982429999858141,0.0057734999572858214,0.0005773499957285822,0.3668426550305761,0.9333,0.0404,0.093,4535,4798,202,465
